Duration,x^0,x^1,x^2,x^3,x^4,x^5,x^6,x^7,y^0,y^1,y^2,y^3,y^4,y^5,y^6,y^7,z^0,z^1,z^2,z^3,z^4,z^5,z^6,z^7,yaw^0,yaw^1,yaw^2,yaw^3,yaw^4,yaw^5,yaw^6,yaw^7
1.65612,-0.5,0,0,0,0.11513,-0.165353,0.0795893,-0.0131163,0,0,0,0,-0.50572,0.761779,-0.385802,0.0665468,0,0,0,0,2.8793,-3.9214,1.89069,-0.316523,0,0,0,0,0,0,0,0
1.62548,-0.5,-0.0726457,-0.0669617,0.00446823,-0.170728,0.388568,-0.230247,0.0435368,0,0.236737,0.156739,0.0160198,1.00289,-1.43652,0.70501,-0.119137,1,0.434025,-0.204819,-0.0551117,-0.158238,0.1944,-0.0679609,0.00749169,0,0,0,0,0,0,0,0
1.69751,-0.5,0.320094,0.200663,0.0215161,1.6142,-2.46102,1.23675,-0.210094,1,0.578013,-0.126277,0.0289562,-1.36055,1.72622,-0.792307,0.127146,1,-0.261298,0.035626,0.0453792,0.233195,-0.264432,0.104916,-0.014784,0,0,0,0,0,0,0,0
1.92952,0.5,0.0017833,-0.310948,0.000174514,-0.707652,0.920342,-0.395137,0.0576282,1,-0.264062,-0.111306,-0.0274697,-0.826607,1.09039,-0.477626,0.0709451,1,0.23291,0.0551658,-0.0235746,0.518882,-0.799004,0.379095,-0.0589667,0,0,0,0,0,0,0,0
1.69561,-0.5,-0.33642,0.208403,-0.00999188,0.678892,-0.997308,0.494109,-0.0832897,0,-0.200049,0.135125,-0.015776,0.387941,-0.567614,0.281562,-0.0475208,1,-0.749936,-0.186963,0.0929985,-0.726599,1.33757,-0.75625,0.13865,0,0,0,0,0,0,0,0
