Duration,x^0,x^1,x^2,x^3,x^4,x^5,x^6,x^7,y^0,y^1,y^2,y^3,y^4,y^5,y^6,y^7,z^0,z^1,z^2,z^3,z^4,z^5,z^6,z^7,yaw^0,yaw^1,yaw^2,yaw^3,yaw^4,yaw^5,yaw^6,yaw^7
2.28645,-0.5,0,0,0,0.0366387,-0.0365698,0.0121421,-0.00138046,0,0,0,0,-0.149783,0.1606,-0.0579191,0.00714214,0,0,0,0,0.611393,-0.570041,0.190213,-0.0222399,0,0,0,0,0,0,0,0
2.19981,-0.5,-0.0736718,-0.0558277,0.00552535,-0.0384232,0.0873173,-0.0421272,0.00621381,0,0.211982,0.126826,0.0115884,0.137312,-0.160477,0.05869,-0.00723236,1,0.409775,-0.166637,-0.00999776,-0.085608,0.0818444,-0.0254852,0.00275984,0,0,0,0,0,0,0,0
2.30765,-0.5,0.256836,0.0845289,0.0167004,0.357824,-0.393651,0.141711,-0.0173171,1,0.398342,-0.101327,0.0217409,-0.233331,0.202174,-0.0652256,0.00743103,1,-0.218657,0.027878,0.033382,0.0235037,-0.0166601,0.00234667,4.37492e-05,0,0,0,0,0,0,0,0
2.49136,0.5,0.022474,-0.260052,-0.00207485,-0.294659,0.321069,-0.110898,0.0128308,1,-0.280113,-0.0944431,-0.0210933,-0.073868,0.0983329,-0.0352727,0.00411667,1,0.204043,0.0209676,-0.0166771,0.0420126,-0.064211,0.0249965,-0.00304387,0,0,0,0,0,0,0,0
2.23212,-0.5,-0.0787335,0.175639,-0.00680914,-0.198727,0.164937,-0.0525283,0.0060391,0,-0.193208,0.116895,-0.0117803,0.13395,-0.154208,0.0591302,-0.00765738,1,-0.472061,-0.15862,0.0428797,-0.319473,0.426619,-0.178846,0.0245542,0,0,0,0,0,0,0,0
