Duration,x^0,x^1,x^2,x^3,x^4,x^5,x^6,x^7,y^0,y^1,y^2,y^3,y^4,y^5,y^6,y^7,z^0,z^1,z^2,z^3,z^4,z^5,z^6,z^7,yaw^0,yaw^1,yaw^2,yaw^3,yaw^4,yaw^5,yaw^6,yaw^7
2.28645,-0.5,0,0,0,0.056339,-0.0574776,0.0195815,-0.00228293,0,0,0,0,-0.0764499,0.0781587,-0.0268241,0.0031771,0,0,0,0,0.543764,-0.49343,0.1614,-0.0186348,0,0,0,0,0,0,0,0
2.19981,-0.5,-0.102159,-0.0715287,0.007884,-0.0124401,0.0577322,-0.0281925,0.00400761,0,0.145474,0.116989,0.0132298,0.0387126,-0.0259093,0.00279439,0.000338975,1,0.447803,-0.211749,-0.0631314,-0.0825023,0.128657,-0.0480137,0.00584461,0,0,0,0,0,0,0,0
2.62673,-0.5,0.392795,0.197499,-0.0254408,0.0746948,-0.109401,0.0401193,-0.00462083,1,0.599596,-0.0815276,-0.0271561,-0.17644,0.131819,-0.0343865,0.00311831,1,-0.0532738,0.12927,0.00480157,-0.0231426,-0.00157812,0.00183486,-0.000165318,0,0,0,0,0,0,0,0
2.92799,0.5,-0.245414,-0.223715,0.053964,-0.0934384,0.0995946,-0.0329793,0.00352153,1,-0.43489,-0.0757496,-0.0543116,0.0328514,0.0257004,-0.0142271,0.00179161,1,-0.331563,-0.200842,0.0423908,-0.0356685,0.0569734,-0.0213918,0.00242201,0,0,0,0,0,0,0,0
