Duration,x^0,x^1,x^2,x^3,x^4,x^5,x^6,x^7,y^0,y^1,y^2,y^3,y^4,y^5,y^6,y^7,z^0,z^1,z^2,z^3,z^4,z^5,z^6,z^7,yaw^0,yaw^1,yaw^2,yaw^3,yaw^4,yaw^5,yaw^6,yaw^7
1.915,-0.5,0,0,0,0.069515,-0.0877193,0.0371434,-0.00537481,0,0,0,0,-0.272074,0.355761,-0.15638,0.0233916,0,0,0,0,1.44762,-1.67664,0.690907,-0.099136,0,0,0,0,0,0,0,0
1.96858,-0.5,-0.0617538,-0.0447325,0.00267557,-0.0236008,0.0758685,-0.040722,0.00659817,0,0.190598,0.102313,0.00855291,0.508417,-0.601385,0.244494,-0.0342352,1,0.459764,-0.134259,-0.0194723,-0.304426,0.314609,-0.113863,0.0144999,0,0,0,0,0,0,0,0
2.07083,-0.5,0.234612,0.133209,0.0119272,0.810785,-1.00214,0.41107,-0.0571139,1,0.471688,-0.0819007,0.0156409,-0.303829,0.24829,-0.0757959,0.00823504,1,-0.25131,0.0255907,0.0241286,0.153907,-0.141535,0.0458162,-0.00524843,0,0,0,0,0,0,0,0
2.21673,0.5,-0.00768896,-0.20824,0.00119722,-0.639243,0.721554,-0.273081,0.0351403,1,-0.401576,-0.0753786,-0.0150962,-0.197973,0.26366,-0.106654,0.0142479,1,0.189538,0.00764305,-0.0112674,0.369564,-0.466872,0.188632,-0.0252852,0,0,0,0,0,0,0,0
1.93708,-0.5,-0.16659,0.140395,-0.00501367,0.0945846,-0.154144,0.0730799,-0.011298,0,-0.170799,0.0929022,-0.00848914,0.239911,-0.303833,0.131145,-0.0193069,1,-0.627409,-0.126623,0.049537,-0.524308,0.805445,-0.389183,0.0616203,0,0,0,0,0,0,0,0
