Duration,x^0,x^1,x^2,x^3,x^4,x^5,x^6,x^7,y^0,y^1,y^2,y^3,y^4,y^5,y^6,y^7,z^0,z^1,z^2,z^3,z^4,z^5,z^6,z^7,yaw^0,yaw^1,yaw^2,yaw^3,yaw^4,yaw^5,yaw^6,yaw^7
1.43105,-0.5,0,0,0,0.403827,-0.693134,0.399377,-0.0784137,0,0,0,0,-0.847708,1.47564,-0.863761,0.172278,0,0,0,0,4.09814,-6.18784,3.34582,-0.63348,0,0,0,0,0,0,0,0
1.33844,-0.5,-0.133481,-0.109992,0.0154823,-1.75792,3.80245,-2.56777,0.573058,0,0.259605,0.204985,0.0278339,2.50868,-4.33978,2.60088,-0.53856,1,0.682707,-0.348551,-0.140341,-2.09402,3.71614,-2.19698,0.446507,0,0,0,0,0,0,0,0
1.51903,-0.5,0.694766,0.312638,-0.0465953,0.862114,-1.81624,1.10161,-0.216924,1,0.738607,-0.151945,-0.0537151,-1.65208,2.25653,-1.10613,0.190343,1,-0.110372,0.200252,0.0185063,0.766188,-1.44524,0.830387,-0.158167,0,0,0,0,0,0,0,0
1.81772,0.5,-0.139398,-0.487441,0.0839864,-1.45131,2.18765,-1.07389,0.17582,1,-0.492623,-0.188232,-0.0944444,-0.787985,1.40404,-0.725377,0.121864,1,-0.412376,-0.309394,0.062825,-1.03459,1.61693,-0.809222,0.134094,0,0,0,0,0,0,0,0
