Duration,x^0,x^1,x^2,x^3,x^4,x^5,x^6,x^7,y^0,y^1,y^2,y^3,y^4,y^5,y^6,y^7,z^0,z^1,z^2,z^3,z^4,z^5,z^6,z^7,yaw^0,yaw^1,yaw^2,yaw^3,yaw^4,yaw^5,yaw^6,yaw^7
1.71217,-0.5,0,0,0,0.35802,-0.524494,0.258013,-0.0431078,0,0,0,0,-0.393074,0.570851,-0.278812,0.0464257,0,0,0,0,2.01364,-2.54178,1.14841,-0.181684,0,0,0,0,0,0,0,0
1.63401,-0.5,-0.172606,-0.0888035,0.0108707,-0.661842,1.26549,-0.719958,0.133509,0,0.209686,0.143148,0.018114,1.1921,-1.74646,0.88353,-0.153541,1,0.556826,-0.261001,-0.0858908,-0.968891,1.45954,-0.720332,0.121471,0,0,0,0,0,0,0,0
1.83154,-0.5,0.651067,0.244446,-0.0353192,0.248149,-0.538686,0.286936,-0.047974,1,0.668796,0.0537809,-0.0374354,-1.45847,1.68524,-0.708881,0.105048,1,-0.0288707,0.160371,0.00597173,0.183286,-0.358984,0.180911,-0.0291395,0,0,0,0,0,0,0,0
2.16311,0.5,-0.213203,-0.382557,0.0760758,-0.500433,0.677108,-0.289213,0.0406069,1,-0.438173,-0.155079,0.0758822,-0.54169,0.663959,-0.273975,0.0378505,1,-0.403202,-0.249044,0.0600115,-0.380626,0.52981,-0.229908,0.0326029,0,0,0,0,0,0,0,0
